<?xml version="1.0" encoding="UTF-8"?>
<metadata xml:lang="es"><Esri><CreaDate>20170428</CreaDate><CreaTime>16351200</CreaTime><ArcGISFormat>1.0</ArcGISFormat><SyncOnce>TRUE</SyncOnce><DataProperties><lineage><Process ToolSource="c:\program files (x86)\arcgis\desktop10.4\ArcToolbox\Toolboxes\Spatial Analyst Tools.tbx\ExtractByAttributes" Date="20170428" Time="163512">ExtractByAttributes AmeUnion2016.tif ""DEPARTAMEN" = 'NARINO'" D:\Proyectos\AmenazaNacional100k\Tematicos\AmeNov2016xPlanchas\AmenazaPlanchas\Departamentos\nariño</Process></lineage><itemProps><itemLocation><linkage Sync="TRUE">file://\\AMENAZAS-999\D\Proyectos\AmenazaNacional100k\Tematicos\AmeNov2016xPlanchas\AmenazaPlanchas\Deptos\nariño\nariño</linkage><protocol Sync="TRUE">Local Area Network</protocol></itemLocation></itemProps><copyHistory><copy source="D:\Proyectos\AmenazaNacional100k\Tematicos\AmeNov2016xPlanchas\AmenazaPlanchas\Departamentos\nariño" dest="\\AMENAZAS-999\D\Proyectos\AmenazaNacional100k\Tematicos\AmeNov2016xPlanchas\AmenazaPlanchas\Deptos\nariño\nariño" date="20170428" time="17150300"></copy></copyHistory></DataProperties></Esri></metadata>
